domain_id,class,architecture,topology,homology,length,cath_domain_start,cath_domain_end
1oksA00,1,10,8,10,54,2,55
4dbgB02,1,10,8,10,61,529,589
4un2B00,1,10,8,10,43,327,369
1oaiA00,1,10,8,10,59,561,619
1g3iW02,1,10,8,10,135,110,244
2jy5A00,1,10,8,10,52,536,587
2lvaA01,1,10,8,10,44,22,65
1otrA00,1,10,8,10,49,6,54
1r4gA00,1,10,8,10,53,516,568
1a5tA02,1,10,8,10,40,168,207
4l4uA03,1,10,8,60,73,312,384
5ep2A02,1,10,8,60,79,314,392
3ajiB00,1,10,8,60,73,336,408
3zh9B02,1,10,8,60,70,144,213
4zpxA02,1,10,8,60,92,321,412
4lcbA02,1,10,8,60,96,267,362
6p14A02,1,10,8,60,90,653,742
3mhvC00,1,10,8,60,117,297,413
4ypmA01,1,10,8,60,84,495,578
4fwdA02,1,10,8,60,78,393,470
4elsC02,1,10,12,10,40,223,262
4u19B02,1,10,12,10,52,304,355
3swxA02,1,10,12,10,58,204,261
4mouC02,1,10,12,10,60,213,272
3hrxA02,1,10,12,10,58,197,254
4jvtA02,1,10,12,10,41,228,268
3p5mA02,1,10,12,10,57,195,251
2gtrA02,1,10,12,10,56,205,260
5kjpA02,1,10,12,10,58,205,262
4k2nA02,1,10,12,10,56,204,259
6s43A03,1,10,40,30,56,408,463
6nzbA03,1,10,40,30,55,408,462
6rxaA01,1,10,40,30,87,356,442
1k7wA03,1,10,40,30,72,367,438
4efcA03,1,10,40,30,66,397,462
3oceA03,1,10,40,30,55,407,461
1jswB03,1,10,40,30,50,411,460
1q5nA03,1,10,40,30,81,363,443
4nleA03,1,10,40,30,76,365,440
2ptrB03,1,10,40,30,64,382,445
7aj9A01,1,10,101,10,63,207,269
4g54A02,1,10,101,10,72,458,529
1lbuA01,1,10,101,10,84,1,84
4lpqA01,1,10,101,10,75,123,197
7aj9B01,1,10,101,10,82,187,268
4bolA02,1,10,101,10,80,180,259
1eakA01,1,10,101,10,63,45,107
6tciA01,1,10,101,10,62,134,195
3d2yA02,1,10,101,10,84,178,261
4c2eB02,1,10,101,10,86,379,464
6s3fA01,1,10,110,10,57,0,56
1psyA01,1,10,110,10,100,17,116
4xuwA00,1,10,110,10,92,24,115
1w2qA01,1,10,110,10,113,15,127
8db4E01,1,10,110,10,112,29,140
8db4F01,1,10,110,10,109,32,140
1tukA00,1,10,110,10,67,1,67
5domA00,1,10,110,10,119,40,158
2lvfA00,1,10,110,10,114,1,114
1hypA00,1,10,110,10,75,6,80
4nlcA02,1,10,150,80,93,448,540
3safA02,1,10,150,80,100,489,588
2rhfA00,1,10,150,80,76,749,824
4aybF02,1,10,150,80,40,48,87
1yt3A02,1,10,150,80,99,195,293
5c0yA02,1,10,150,80,93,423,515
1wudA00,1,10,150,80,77,530,606
1yt3A03,1,10,150,80,82,294,375
1d8bA00,1,10,150,80,81,11,91
2e1fA01,1,10,150,80,89,1145,1233
2ah5A02,1,10,150,240,65,18,82
2hszA02,1,10,150,240,75,19,93
5am2A02,1,10,150,240,80,18,97
3e58A02,1,10,150,240,66,16,81
1qq5A02,1,10,150,240,75,16,90
2mu2A00,1,10,150,240,71,14,84
3cnhB02,1,10,150,240,68,18,85
3s6jE02,1,10,150,240,69,122,190
2hcfA02,1,10,150,240,68,19,86
4jb3A02,1,10,150,240,72,15,86
7ankB04,1,10,238,10,62,828,889
4ggfA00,1,10,238,10,89,1,89
2sasA00,1,10,238,10,185,1,185
3e3rB01,1,10,238,10,87,4,90
1qtxA02,1,10,238,10,68,79,146
2ggzA00,1,10,238,10,165,21,185
1eg3A04,1,10,238,10,82,211,292
5g08A02,1,10,238,10,87,97,183
4jpzB01,1,10,238,10,112,1788,1899
4ggnB01,1,10,238,10,61,79,139
3o65A02,1,10,287,10,46,28,73
2zkoA00,1,10,287,10,70,1,70
6tmfR02,1,10,287,10,70,82,151
4a5uB00,1,10,287,10,88,1,88
5mmjo00,1,10,287,10,75,16,90
1xeqB00,1,10,287,10,85,9,93
2lw7A01,1,10,287,10,56,1,56
5ujjA01,1,10,287,10,55,8,62
4xpzA02,1,10,287,10,44,331,374
4iylA01,1,10,287,10,52,3,54
2qsaA00,1,10,287,110,101,22,122
2yuaA01,1,10,287,110,75,17,91
4rwuA00,1,10,287,110,81,1,81
2l6lA01,1,10,287,110,90,1,90
6jmgB02,1,10,287,110,73,203,275
2guzB00,1,10,287,110,65,53,117
3bvoB01,1,10,287,110,104,40,143
1fpoA01,1,10,287,110,79,1,79
1iurA01,1,10,287,110,63,13,75
4j7zF00,1,10,287,110,100,2,101
2vs0A00,1,10,287,1060,82,4,85
3q4hD00,1,10,287,1060,81,2,82
4lwsA00,1,10,287,1060,100,4,103
4abmD00,1,10,287,1060,77,21,97
3favA00,1,10,287,1060,74,11,84
4i0xH00,1,10,287,1060,76,12,87
3zbhA00,1,10,287,1060,90,7,96
3hr0B01,1,10,287,1060,79,537,615
2az0B00,1,10,287,1060,71,2,72
3h6pC00,1,10,287,1060,56,20,75
4iv6B01,1,10,540,10,116,2,117
8ciwB01,1,10,540,10,115,154,268
2jifA01,1,10,540,10,118,52,169
2or0B01,1,10,540,10,124,-17,106
3p4tA01,1,10,540,10,119,24,142
2rfqB01,1,10,540,10,109,3,111
4rm7A01,1,10,540,10,122,-1,120
3mkhA01,1,10,540,10,128,2,129
6fahC01,1,10,540,10,119,1,119
4l1fA01,1,10,540,10,120,1,120
3kflA03,1,10,730,10,175,562,736
1ileA03,1,10,730,10,191,631,821
4qreA03,1,10,730,10,173,348,520
1wkbA03,1,10,730,10,121,690,810
3zgzA04,1,10,730,10,177,621,797
3ziuB01,1,10,730,10,34,1,34
6cmlA03,1,10,730,10,173,594,766
6spoA03,1,10,730,10,138,389,526
1qu3A04,1,10,730,10,150,634,783
2v0cA04,1,10,730,10,159,655,813
1t8kA00,1,10,1200,10,77,1,77
4h2wC00,1,10,1200,10,78,0,77
7emyA01,1,10,1200,10,80,8,87
1vkuA00,1,10,1200,10,85,-2,82
2n6yA00,1,10,1200,10,80,14,93
1vw4801,1,10,1200,10,73,125,197
4pxhB00,1,10,1200,10,75,6,80
2xz0D00,1,10,1200,10,82,1,82
2afdA00,1,10,1200,10,88,1,88
3ce7A00,1,10,1200,10,90,12,101
2jxgA01,1,10,1220,10,35,11,45
7nywJ02,1,10,1220,10,37,98,134
2k6lA00,1,10,1220,10,51,1,51
4fxeA00,1,10,1220,10,68,2,69
3h87D01,1,10,1220,10,65,9,73
3gxqA00,1,10,1220,10,53,7,59
1mntA00,1,10,1220,10,66,1,66
2k1oA00,1,10,1220,10,54,21,74
3qoqD00,1,10,1220,10,48,16,63
1irqA00,1,10,1220,10,48,24,71
3v93F01,1,10,1300,10,309,305,613
3ecmA00,1,10,1300,10,338,482,819
1tbfA00,1,10,1300,10,325,534,858
4y86B00,1,10,1300,10,326,181,506
1tazA00,1,10,1300,10,357,146,502
6c7eD00,1,10,1300,10,327,590,916
1y2kA00,1,10,1300,10,326,86,411
1so2A00,1,10,1300,10,415,659,1073
1zklA00,1,10,1300,10,317,139,455
7l27B01,1,10,1300,10,412,682,1093
2o8bA04,1,10,1420,10,83,471,553
2wtuB04,1,10,1420,10,117,387,503
1wb9A03,1,10,1420,10,119,266,384
7otoB01,1,10,1420,10,129,132,260
1e3mB05,1,10,1420,10,98,429,526
1wb9A04,1,10,1420,10,136,400,535
1e3mB04,1,10,1420,10,112,317,428
3thxA03,1,10,1420,10,171,300,470
3thxB04,1,10,1420,10,128,678,805
2o8bB03,1,10,1420,10,158,733,890
4h8aB01,1,10,1530,10,60,3,62
4h8aA01,1,10,1530,10,66,1,66
1nxuA01,1,10,1530,10,63,2,64
1wtjB01,1,10,1530,10,64,7,70
3uoeA01,1,10,1530,10,70,-5,64
1vbiA01,1,10,1530,10,66,1,66
2x06A01,1,10,1530,10,64,2,65
1z2iA01,1,10,1530,10,65,9,73
2g8yB01,1,10,1530,10,60,4,63
3i0pA01,1,10,1530,10,69,5,73
1r8eA02,1,10,1660,10,73,3,75
3hh0A01,1,10,1660,10,72,1,72
1q08A00,1,10,1660,10,94,43,136
2zhgA00,1,10,1660,10,126,10,135
5i41B00,1,10,1660,10,67,-1,65
2vz4A00,1,10,1660,10,105,2,106
3gpvA00,1,10,1660,10,113,21,133
3ucsA00,1,10,1660,10,99,2,100
5c8dH01,1,10,1660,10,69,7,75
4r24B00,1,10,1660,10,85,6,90
2xhiA02,1,10,1670,10,21,104,124
1pu6A01,1,10,1670,10,20,2,21
1ornA02,1,10,1670,10,20,2,21
4unfA01,1,10,1670,10,32,12,43
5kn8A01,1,10,1670,10,19,8,26
1keaA01,1,10,1670,10,23,3,25
2jhnA03,1,10,1670,10,62,234,295
4uobA01,1,10,1670,10,31,87,117
3n0uC01,1,10,1670,10,33,0,32
3n5nX01,1,10,1670,10,28,68,95
4lupA00,1,10,1740,10,91,5,95
5jazA03,1,10,1740,10,91,396,486
6in7B01,1,10,1740,10,106,5,110
1q0qA03,1,10,1740,10,87,312,398
1g5aA01,1,10,1740,10,97,1,97
2o7gA00,1,10,1740,10,88,4,91
4aysA01,1,10,1740,10,71,16,86
3t0yA01,1,10,1740,10,66,14,79
6mh4A03,1,10,1740,10,79,296,374
2y1eA03,1,10,1740,10,87,303,389
4tkrA00,1,10,1760,20,183,3,185
3rlbA00,1,10,1760,20,176,7,182
3p5nA00,1,10,1760,20,179,10,188
4hzuS00,1,10,1760,20,164,1,164
4m5bA00,1,10,1760,20,214,1,214
4dveC00,1,10,1760,20,187,2,188
4rfsS00,1,10,1760,20,198,3,200
5jszC00,1,10,1760,20,165,9,173
4z7fB00,1,10,1760,20,171,6,176
5kbwB00,1,10,1760,20,171,2,172
7xuxB01,1,10,3290,10,256,19,274
3n3uA00,1,10,3290,10,296,3488,3783
5cklA00,1,10,3290,10,181,10,190
4u04A02,1,10,3290,10,241,193,433
6ep5C00,1,10,3290,10,203,5,207
3shgA00,1,10,3290,10,198,1,198
4n67A00,1,10,3290,10,214,1,214
3cucA00,1,10,3290,10,279,4,282
4m16A00,1,10,3290,10,225,1,225
5jffA00,1,10,3290,10,189,10,198
1jy2O00,1,20,5,50,51,64,114
1jy2S00,1,20,5,50,47,2,48
1lwuC03,1,20,5,50,62,83,144
3ghgJ01,1,20,5,50,150,46,195
3ghgB01,1,20,5,50,139,58,196
2oyhE01,1,20,5,50,37,165,201
1fzcC03,1,20,5,50,47,97,143
1t3uA02,1,20,5,50,49,49,97
1fzcA00,1,20,5,50,74,119,192
1m1jA00,1,20,5,50,192,27,218
1nhlA00,1,20,5,110,54,28,81
1urqA00,1,20,5,110,58,1051,1108
3b5nK00,1,20,5,110,65,434,498
2ymyB00,1,20,5,110,41,368,408
3b5nE00,1,20,5,110,58,29,86
2kogA00,1,20,5,110,116,1,116
1urqB00,1,20,5,110,64,196,259
4gnsA01,1,20,5,110,27,50,76
3htkB00,1,20,5,110,73,739,811
3b5nL00,1,20,5,110,62,588,649
4n6jA00,1,20,5,300,49,82,130
3efgA00,1,20,5,300,51,8,58
1svfA00,1,20,5,300,64,122,185
1zv8G00,1,20,5,300,50,1,50
1wdgB00,1,20,5,300,285,970,1254
1zvaA00,1,20,5,300,75,1,75
6vagB00,1,20,5,300,72,199,270
1wyyB00,1,20,5,300,297,892,1188
4modA00,1,20,5,300,290,993,1282
2ieqA00,1,20,5,300,105,2,106
3u1cA00,1,20,5,340,101,-2,98
4i1lA00,1,20,5,340,62,202,263
1d7mA00,1,20,5,340,101,243,343
5bu5A01,1,20,5,340,97,60,156
3p8cD01,1,20,5,340,65,21,85
1wt6B00,1,20,5,340,67,2,68
5ktbA01,1,20,5,340,63,20,82
2qihA00,1,20,5,340,136,531,666
4zkpA01,1,20,5,340,102,55,156
3vp9B00,1,20,5,340,77,14,90
6ibeA02,1,20,80,10,108,188,295
3fp5A00,1,20,80,10,106,1,106
5xbfA02,1,20,80,10,99,1904,2002
4hdoA02,1,20,80,10,119,516,634
6oq4A02,1,20,80,10,111,520,630
6qlyA02,1,20,80,10,97,85,181
3pvlA03,1,20,80,10,118,1351,1468
7byjA01,1,20,80,10,120,294,413
1hbkA00,1,20,80,10,89,0,88
4yl8A02,1,20,80,10,116,85,200
1sr2A00,1,20,120,160,116,775,890
2ld6A00,1,20,120,160,133,1,133
4g78A00,1,20,120,160,147,-2,144
2r25A00,1,20,120,160,166,2,167
2oocB00,1,20,120,160,105,8,112
1tqgA00,1,20,120,160,105,0,104
3kyjA00,1,20,120,160,129,8,136
1y6dA00,1,20,120,160,114,1,114
3iqtA01,1,20,120,160,114,805,918
1i5nD00,1,20,120,160,129,5,133
5ulcX00,1,20,920,10,127,330,456
2r0yA01,1,20,920,10,114,46,159
6df4A00,1,20,920,10,134,1501,1634
4py6C00,1,20,920,10,127,1190,1316
5vs7A00,1,20,920,10,119,1,119
5u9nB00,1,20,920,10,145,306,450
4qb3A01,1,20,920,10,105,60,164
6kmjA00,1,20,920,10,112,1248,1359
6hazA00,1,20,920,10,113,1378,1490
5fg6A00,1,20,920,10,118,563,680
6lumD01,1,20,1300,10,125,26,150
2h88C02,1,20,1300,10,108,33,140
6lumG01,1,20,1300,10,112,25,136
2bs2C00,1,20,1300,10,255,1,255
2h88D00,1,20,1300,10,101,3,103
4ysxD00,1,20,1300,10,129,28,156
2wdqD00,1,20,1300,10,105,11,115
1kf6C00,1,20,1300,10,130,1,130
4ysxC00,1,20,1300,10,153,34,186
2wdqC00,1,20,1300,10,121,8,128
2wzkA01,1,20,1310,10,135,12,146
2wzkA02,1,20,1310,10,127,147,273
1ldjA01,1,20,1310,10,160,17,176
4a64A02,1,20,1310,10,117,318,434
6i2mB01,1,20,1310,10,127,24,150
7shlA02,1,20,1310,10,122,154,275
7b5sC01,1,20,1310,10,94,417,510
7shkA01,1,20,1310,10,145,10,154
1ldjA03,1,20,1310,10,115,300,414
6i2mB02,1,20,1310,10,122,151,272
2i9cA01,1,25,40,70,111,8,118
7rsjA01,1,25,40,70,151,290,440
2wxfA01,1,25,40,70,47,109,155
6hi2A02,1,25,40,70,194,488,681
7bi4A01,1,25,40,70,1,4,4
1e7uA03,1,25,40,70,200,526,725
4v0iA03,1,25,40,70,101,575,675
4uwhA01,1,25,40,70,185,288,472
4jpsA03,1,25,40,70,217,479,695
3ls8B01,1,25,40,70,177,296,472
1uw4B00,1,25,40,180,248,768,1015
2rg8A00,1,25,40,180,150,156,305
4b89A00,1,25,40,180,230,770,999
4cemA00,1,25,40,180,307,122,428
3feyA02,1,25,40,180,192,290,481
1ug3A01,1,25,40,180,205,1234,1438
3juiA00,1,25,40,180,176,540,715
2i2oA00,1,25,40,180,211,7,217
5gmkZ01,1,25,40,180,232,9,240
2fulB00,1,25,40,180,159,236,394
4ynxB00,2,10,70,10,42,22,63
4k12A00,2,10,70,10,64,0,63
1md8A03,2,10,70,10,76,358,433
3erbA02,2,10,70,10,60,67,126
3mqlA04,2,10,70,10,46,468,513
1ok3A01,2,10,70,10,63,2,64
2ybyA01,2,10,70,10,65,339,403
2b5iD01,2,10,70,10,22,1,22
8cjvA03,2,10,70,10,54,180,233
2cg7A01,2,10,70,10,46,62,107
3d6wB02,2,20,25,10,39,177,215
3u50C02,2,20,25,10,35,551,585
1qypA00,2,20,25,10,57,1,57
2j6aA00,2,20,25,10,136,1,136
1twfI01,2,20,25,10,46,1,46
1lqlA01,2,20,25,10,26,4,29
1l1oC02,2,20,25,10,38,477,514
1twfI02,2,20,25,10,76,47,122
2js4A01,2,20,25,10,47,8,54
1x3zA04,2,20,25,10,54,125,178
1vs9S01,2,30,30,30,72,1,72
3p8bB02,2,30,30,30,62,87,148
5dm7R00,2,30,30,30,110,4,113
2kdsA01,2,30,30,30,86,2,87
4ytlA01,2,30,30,30,50,534,583
2jngA00,2,30,30,30,77,4,80
3askC02,2,30,30,30,93,210,302
8swjA01,2,30,30,30,59,1542,1600
1x6oA01,2,30,30,30,68,19,86
4ytlA02,2,30,30,30,49,584,632
3r5zA00,2,30,110,10,140,5,144
2nr4A01,2,30,110,10,134,19,152
3a6rA00,2,30,110,10,122,1,122
2r0xA00,2,30,110,10,156,2,157
4y9iA00,2,30,110,10,114,27,140
6vnaB01,2,30,110,10,145,11,155
1wv4B00,2,30,110,10,202,17,218
1rfeA01,2,30,110,10,105,10,114
3hmzA00,2,30,110,10,191,8,198
1rz1A00,2,30,110,10,152,2,153
3mlqH00,2,40,10,170,42,334,375
6x4yA03,2,40,10,170,51,481,531
2jdiD01,2,40,10,170,73,9,81
2lt1A00,2,40,10,170,75,1,75
4l5gB01,2,40,10,170,62,0,61
2eyqA05,2,40,10,170,59,480,538
5ik2D01,2,40,10,170,75,2,76
8hh7E01,2,40,10,170,76,3,78
2lt4A00,2,40,10,170,71,1,71
4kbmB01,2,40,10,170,59,2,60
3e6pL01,2,40,20,10,84,169,252
6dcmA00,2,40,20,10,85,-4,80
2dohX00,2,40,20,10,165,81,245
2k4rA00,2,40,20,10,77,1,77
6rx7A00,2,40,20,10,93,-10,82
6osnA00,2,40,20,10,85,310,394
1nl1A00,2,40,20,10,147,1,147
3k65A00,2,40,20,10,80,169,248
4nzqA01,2,40,20,10,135,34,168
2i9aC02,2,40,20,10,84,50,133
6su1D01,2,40,33,10,90,90,179
1e0tA03,2,40,33,10,99,70,168
7r6yA01,2,40,33,10,92,118,209
2g50C03,2,40,33,10,103,116,218
1a3wB03,2,40,33,10,102,88,189
3gg8C03,2,40,33,10,97,126,222
1pkyC03,2,40,33,10,99,70,168
8eq3A01,2,40,33,10,88,72,159
3qtgA02,2,40,33,10,94,84,177
7uehC01,2,40,33,10,85,81,165
3d31A03,2,40,50,100,71,272,342
1vf7A02,2,40,50,100,35,39,73
1b9mA03,2,40,50,100,71,182,252
1e2wA02,2,40,50,100,60,171,230
3m7nA01,2,40,50,100,52,1,52
2aujD03,2,40,50,100,62,247,308
5oomW00,2,40,50,100,109,40,148
3fmcA02,2,40,50,100,74,289,362
1ghjA00,2,40,50,100,79,1,79
1g29103,2,40,50,100,48,245,292
4o8hA00,2,40,100,10,164,2,165
5dudC02,2,40,100,10,138,170,307
2p0oA02,2,40,100,10,131,239,369
7r2hA01,2,40,100,10,159,5,163
1mzwA00,2,40,100,10,173,5,177
1zkcB01,2,40,100,10,160,279,438
3va7A04,2,40,100,10,159,1255,1413
2a2nC00,2,40,100,10,165,482,646
3mmlE02,2,40,100,10,120,174,293
1x7fA02,2,40,100,10,119,243,361
2hzmH00,2,40,320,10,312,2,313
3bhdB00,2,40,320,10,206,3,208
2gfgA00,2,40,320,10,191,0,190
5a67A00,2,40,320,10,212,-1,210
3c0tA00,2,40,320,10,207,1,207
3n10A00,2,40,320,10,176,4,179
7emfR01,2,40,320,10,175,18,192
2dc4A00,2,40,320,10,164,1,164
2eenA00,2,40,320,10,177,2,178
3typB00,2,40,320,10,155,-1,153
4uzgA01,2,60,40,740,165,185,349
3v10A02,2,60,40,740,150,187,336
8begA01,2,60,40,740,161,589,749
2x9zA01,2,60,40,740,149,187,335
8begA03,2,60,40,740,149,921,1069
3uxfA02,2,60,40,740,166,185,350
3kptA02,2,60,40,740,141,269,409
3qdhA01,2,60,40,740,156,202,357
3hr6A02,2,60,40,740,157,194,350
5yxgB01,2,60,40,740,173,184,356
3mn8B02,2,60,40,1120,83,338,420
1nkgA02,2,60,40,1120,85,252,336
4eiuA01,2,60,40,1120,105,30,134
5aq0B00,2,60,40,1120,82,382,463
4fxtG01,2,60,40,1120,89,29,117
3hn5A01,2,60,40,1120,91,30,120
1uwyA02,2,60,40,1120,107,297,403
4iykA01,2,60,40,1120,96,25,120
5m0yB01,2,60,40,1120,95,8,102
3e8vA00,2,60,40,1120,82,289,370
7r4hM02,2,60,40,1170,107,277,383
3l81A02,2,60,40,1170,117,294,410
4en2A02,2,60,40,1170,107,275,381
2vglM02,2,60,40,1170,126,159,284
4iknA02,2,60,40,1170,107,272,378
3l81A01,2,60,40,1170,109,185,293
2pr9A01,2,60,40,1170,126,159,284
7ohzA01,2,60,40,1170,106,287,392
5wrkA01,2,60,40,1170,126,159,284
4iknA01,2,60,40,1170,108,164,271
6hhuA01,2,60,40,1220,78,217,294
3bz5A02,2,60,40,1220,80,423,502
6nfrA00,2,60,40,1220,97,25,121
2ra1A04,2,60,40,1220,97,261,357
4aw4A03,2,60,40,1220,102,241,342
1o6vA02,2,60,40,1220,82,415,496
3bc9A01,2,60,40,1220,93,17,109
2ya1A03,2,60,40,1220,97,351,447
7nmsA02,2,60,40,1220,74,247,320
4aq1A01,2,60,40,1220,94,202,295
7zscA01,2,60,120,620,234,286,519
6s0tA01,2,60,120,620,247,23,269
5zm4B00,2,60,120,620,284,8,291
4xaaA00,2,60,120,620,221,3,223
4naoA00,2,60,120,620,300,10,309
6lnhB01,2,60,120,620,230,18,247
2fctB00,2,60,120,620,307,4,310
5yblD01,2,60,120,620,282,11,292
7oltA01,2,60,120,620,275,13,287
5ep9D00,2,60,120,620,256,17,272
6h10A00,2,60,120,650,330,11,340
6bgyA00,2,60,120,650,578,11,588
6f4qA00,2,60,120,650,235,182,416
1vrbD01,2,60,120,650,57,7,63
7zccA01,2,60,120,650,236,9,244
3al5B01,2,60,120,650,263,1,263
3k2oA01,2,60,120,650,291,0,290
4bxfA01,2,60,120,650,234,30,263
5r7xA00,2,60,120,650,340,1378,1717
3purA02,2,60,120,650,37,285,321
1euwA00,2,70,40,10,136,1,136
1pkhB00,2,70,40,10,175,1,175
3t64A01,2,70,40,10,152,1,152
4b0hB00,2,70,40,10,143,2,144
4gv8D00,2,70,40,10,152,3,154
3lqwA00,2,70,40,10,129,2,130
2r9qC01,2,70,40,10,165,9,173
6lj3A01,2,70,40,10,142,3,144
3hzaA01,2,70,40,10,127,-7,119
1sixA00,2,70,40,10,153,-8,144
3imhA00,2,70,98,10,332,0,331
2htaA00,2,70,98,10,297,-2,294
3mwxA00,2,70,98,10,322,2,323
3os7A00,2,70,98,10,337,3,339
3q1nA00,2,70,98,10,294,0,293
7r2xA02,2,70,98,10,257,388,644
2xsgB01,2,70,98,10,285,8,292
7wffb01,2,70,98,10,316,29,344
3bgaA05,2,70,98,10,270,754,1023
2cirA00,2,70,98,10,288,2,289
5nslA01,2,115,10,20,428,42,469
6nu8A01,2,115,10,20,331,12,342
7erlA01,2,115,10,20,334,9,342
1w2tA01,2,115,10,20,283,12,294
4kcaA02,2,115,10,20,393,127,519
6nobA01,2,115,10,20,382,112,493
4pvaA00,2,115,10,20,358,-7,350
7vcoA01,2,115,10,20,333,1,333
6eugA00,2,115,10,20,347,5,351
5a8cA00,2,115,10,20,299,31,329
4xjwA02,2,120,10,10,129,229,357
1e8uA00,2,120,10,10,446,124,569
4j9tA00,2,120,10,10,355,48,402
7mhuA01,2,120,10,10,369,31,399
2bf6A01,2,120,10,10,118,243,360
1so7A00,2,120,10,10,374,4,377
4mzaA00,2,120,10,10,432,141,572
3h6jA01,2,120,10,10,315,13,327
7xvuA01,2,120,10,10,375,96,470
1nscA00,2,120,10,10,390,76,465
7jpnC01,2,130,10,10,363,3,365
5ov3B01,2,130,10,10,303,20,322
8hpoK01,2,130,10,10,441,3,443
8q1nB01,2,130,10,10,310,29,338
3ei3A03,2,130,10,10,316,394,709
2bbkH00,2,130,10,10,355,19,373
7uhyA01,2,130,10,10,345,7,351
4u1eI00,2,130,10,10,342,1,342
7q4oC01,2,130,10,10,399,3,401
3v9fA01,2,130,10,10,339,21,359
2inuA00,2,160,20,10,399,52,450
5z9tA01,2,160,20,10,493,21,513
3gq8A01,2,160,20,10,464,88,551
1qcxA00,2,160,20,10,359,1,359
2x3hA00,2,160,20,10,498,7,504
4xotA02,2,160,20,10,433,191,623
1hg8A00,2,160,20,10,349,25,373
8tmsA01,2,160,20,10,280,3,282
7b7aA01,2,160,20,10,379,21,399
4nk6A00,2,160,20,10,424,69,492
3erpA01,3,20,20,100,318,15,332
1lqaA00,3,20,20,100,346,1,346
1us0A00,3,20,20,100,314,0,313
3v0sA00,3,20,20,100,336,1,336
1pyfA00,3,20,20,100,311,2,312
3krbA00,3,20,20,100,314,0,313
6ovqA00,3,20,20,100,322,4,325
3h7uA00,3,20,20,100,312,4,315
3up8A00,3,20,20,100,281,-5,275
4gieA00,3,20,20,100,288,-6,281
4gvfA00,3,20,20,300,340,1,340
4i3gA01,3,20,20,300,305,51,355
6gfvA00,3,20,20,300,343,46,388
3bmxA01,3,20,20,300,394,26,419
5xxlA01,3,20,20,300,347,28,374
5z87A01,3,20,20,300,356,43,398
7vc6A01,3,20,20,300,340,14,353
7ms2A01,3,20,20,300,292,1,292
5z9sB01,3,20,20,300,344,27,370
7zdyW01,3,20,20,300,361,3,363
4ushA00,3,30,70,120,121,5,125
3lnlB02,3,30,70,120,109,131,239
6mm2A00,3,30,70,120,99,1,99
4yb6A03,3,30,70,120,74,226,299
2cz4A00,3,30,70,120,99,2,100
1naqB00,3,30,70,120,103,9,111
4e98C00,3,30,70,120,105,12,116
4co3A00,3,30,70,120,105,1,105
3ahpA00,3,30,70,120,106,3,108
2nuhA00,3,30,70,120,104,3,106
6ao9A00,3,30,70,1230,184,443,626
4wp9A00,3,30,70,1230,171,49,219
1azsA00,3,30,70,1230,190,376,565
3r5gA00,3,30,70,1230,195,222,416
4p2fA00,3,30,70,1230,189,237,425
3mr7A00,3,30,70,1230,173,-1,171
6yiiA02,3,30,70,1230,209,44,252
1y10B02,3,30,70,1230,183,194,376
6fhtA02,3,30,70,1230,225,506,730
2qv6A01,3,30,70,1230,128,1,128
4x8wA00,3,30,160,20,72,391,462
2jvaA00,3,30,160,20,108,1,108
2rsmA00,3,30,160,20,115,1,115
2ltrA00,3,30,160,20,105,32,136
3adjA00,3,30,160,20,72,99,170
6zvhC01,3,30,160,20,100,65,164
2yt4A03,3,30,160,20,110,592,701
3j7yp00,3,30,160,20,94,70,163
2n3gA00,3,30,160,20,72,1,72
6htuC00,3,30,160,20,72,284,355
6ks6B02,3,30,260,10,77,142,218
7xokN01,3,30,260,10,50,141,190
1kp8A02,3,30,260,10,56,136,191
4xcgA02,3,30,260,10,78,143,220
6ks6e02,3,30,260,10,73,169,241
7ylyh01,3,30,260,10,68,148,215
6ks6G02,3,30,260,10,78,144,221
3ruvA02,3,30,260,10,68,143,210
8bm1K01,3,30,260,10,34,138,171
6ks6A02,3,30,260,10,72,148,219
5l10B00,3,30,450,80,170,-1,168
1l3lA01,3,30,450,80,170,2,171
5l09B00,3,30,450,80,164,5,168
3ix3A00,3,30,450,80,163,7,169
6cc0A01,3,30,450,80,164,4,167
3qp1A00,3,30,450,80,178,9,186
7r3eB02,3,30,450,80,163,338,500
2q0oA01,3,30,450,80,168,2,169
6d6nC00,3,30,450,80,160,7,166
4lfuA01,3,30,450,80,172,5,176
4xq7A01,3,30,460,10,161,5,165
7ztbB01,3,30,460,10,175,17,191
4zrlA01,3,30,460,10,117,559,675
2w9mB03,3,30,460,10,81,160,240
4x4wB01,3,30,460,10,153,1,153
1v4aA02,3,30,460,10,174,111,284
5vzaA03,3,30,460,10,136,289,424
3jyyA01,3,30,460,10,136,2,137
4ebjA01,3,30,460,10,13,-6,6
4wcwA01,3,30,460,10,111,2,112
5inwA01,3,30,497,10,178,73,250
3pzfA02,3,30,497,10,143,57,199
3ozqA02,3,30,497,10,137,51,187
4r9iA01,3,30,497,10,183,15,197
3kcgI01,3,30,497,10,214,11,224
2oayA01,3,30,497,10,164,101,264
3stoA01,3,30,497,10,181,16,196
1wz9A01,3,30,497,10,169,1,169
2pefA01,3,30,497,10,170,51,220
4au2B01,3,30,497,10,174,37,210
7c1uA01,3,30,559,30,251,176,426
5du9B02,3,30,559,30,219,229,447
6aefA01,3,30,559,30,252,206,457
2xhgA02,3,30,559,30,281,183,463
7jtjA01,3,30,559,30,252,1658,1909
5t3dA02,3,30,559,30,262,180,441
1q9jB02,3,30,559,30,19,181,199
4hvmD02,3,30,559,30,157,212,368
6ta8A01,3,30,559,30,266,183,448
2jgpA03,3,30,559,30,171,268,438
7n0eB02,3,30,565,10,152,488,639
3jz3B01,3,30,565,10,174,276,449
4kp4A02,3,30,565,10,148,1294,1441
5idmA00,3,30,565,10,177,378,554
4gt8A00,3,30,565,10,133,209,341
4bixB02,3,30,565,10,156,300,455
1b63A01,3,30,565,10,216,1,216
2o1uB01,3,30,565,10,189,98,286
1i58A00,3,30,565,10,189,352,540
4qpkB02,3,30,565,10,134,76,209
1h4xA00,3,30,750,24,111,2,112
6m37B01,3,30,750,24,98,3,100
4xs5B00,3,30,750,24,116,3,118
3f43A01,3,30,750,24,109,4,112
3ny7A00,3,30,750,24,118,433,550
3zxnB00,3,30,750,24,115,5,119
3lloA00,3,30,750,24,214,505,718
4dgfA00,3,30,750,24,122,440,561
7d06C01,3,30,750,24,84,3,86
6xgzB01,3,30,750,24,90,5,94
3uqzB00,3,40,50,450,279,2,280
7m5hB01,3,40,50,450,156,3,158
2a33A00,3,40,50,450,182,9,190
3o8oA03,3,40,50,450,152,586,737
2f62A00,3,40,50,450,158,3,160
2nx2A00,3,40,50,450,178,0,177
4mcjG00,3,40,50,450,175,0,174
5xz7A01,3,40,50,450,143,1,143
3gh1A02,3,40,50,450,330,123,452
6qu3A02,3,40,50,450,147,94,240
1lciA02,3,40,50,980,142,214,355
4rlqA01,3,40,50,980,241,6,246
2d1sA02,3,40,50,980,35,20,54
2vsqA03,3,40,50,980,33,459,491
5u95B01,3,40,50,980,29,26,54
1amuA02,3,40,50,980,140,206,345
3cw9A01,3,40,50,980,174,1,174
2d1sA03,3,40,50,980,159,55,213
6q2mC01,3,40,50,980,185,22,206
1mdbA02,3,40,50,980,174,180,353
4a8tA02,3,40,50,1370,164,133,296
4a8pF01,3,40,50,1370,147,1,147
1ml4A01,3,40,50,1370,133,2,134
3r7fA02,3,40,50,1370,142,127,268
4oh7A02,3,40,50,1370,155,138,292
1js1X02,3,40,50,1370,152,150,301
1js1Y01,3,40,50,1370,147,1,147
3grfA02,3,40,50,1370,173,136,308
3kznA02,3,40,50,1370,171,151,321
3tpfA02,3,40,50,1370,161,127,287
2dkoA00,3,40,50,1460,146,29,174
4d3xA00,3,40,50,1460,261,32,292
3od5A00,3,40,50,1460,261,31,291
4jj7A00,3,40,50,1460,256,223,478
1nw9B00,3,40,50,1460,277,140,416
3h11A00,3,40,50,1460,244,237,480
7w72K01,3,40,50,1460,252,46,297
6kn1A01,3,40,50,1460,146,107,252
2j32A00,3,40,50,1460,250,29,278
6f6rA00,3,40,50,1460,180,118,297
3p9zA02,3,40,50,10090,75,26,100
1wcwA02,3,40,50,10090,119,44,162
1jr2A02,3,40,50,10090,140,36,175
1wcwA01,3,40,50,10090,31,8,38
4es6A02,3,40,50,10090,135,35,169
3mw8A02,3,40,50,10090,122,34,155
3p9zA01,3,40,50,10090,19,2,20
1jr2A01,3,40,50,10090,35,1,35
3mw8A01,3,40,50,10090,34,0,33
4es6A01,3,40,50,10090,32,3,34
4lqcB00,3,40,50,10140,136,118,253
3ub2A00,3,40,50,10140,143,79,221
4w8hA00,3,40,50,10140,127,94,220
4lzpA00,3,40,50,10140,176,100,275
4om7A00,3,40,50,10140,143,640,782
4c6rA00,3,40,50,10140,162,15,176
4c6sA00,3,40,50,10140,142,8,149
4eo7A01,3,40,50,10140,137,160,296
2m1xA00,3,40,50,10140,160,386,545
3jrnA00,3,40,50,10140,165,7,171
3d2yA01,3,40,80,10,151,27,177
4olsA00,3,40,80,10,185,189,373
4ivvA00,3,40,80,10,174,-1,172
2xz8A00,3,40,80,10,135,234,368
4knkA00,3,40,80,10,206,212,417
1yb0B00,3,40,80,10,159,1,159
2rkqA00,3,40,80,10,168,11,178
5xz4A00,3,40,80,10,167,6,172
1lbaA00,3,40,80,10,150,1,150
2xz4A00,3,40,80,10,165,58,222
2i7hA00,3,40,109,10,187,0,186
5krdB00,3,40,109,10,219,6,224
3e39A00,3,40,109,10,175,3,177
1vkwA01,3,40,109,10,121,-10,110
6pz0A01,3,40,109,10,162,4,165
5lq4A01,3,40,109,10,228,239,466
3gr3A00,3,40,109,10,226,4,229
3eo8A00,3,40,109,10,219,0,218
3hoiA00,3,40,109,10,212,0,211
3bemB00,3,40,109,10,209,-3,205
2bjiB02,3,40,190,80,131,2147,2277
5eq7A02,3,40,190,80,124,203,326
5i3sC02,3,40,190,80,132,140,271
1vdwA02,3,40,190,80,114,141,254
1nuwA02,3,40,190,80,135,1200,1334
2p3nA02,3,40,190,80,121,136,256
1inpA03,3,40,190,80,166,235,400
2pcrA02,3,40,190,80,115,143,257
3b8bA02,3,40,190,80,111,157,267
1ka1A02,3,40,190,80,135,221,355
5kf6B02,3,40,309,10,218,816,1033
2h5gB02,3,40,309,10,152,582,733
4itaA02,3,40,309,10,190,231,420
3b4wA02,3,40,309,10,191,257,447
7w5kC02,3,40,309,10,195,267,461
3k9dA02,3,40,309,10,185,223,407
3szaA02,3,40,309,10,195,213,407
4yweA02,3,40,309,10,193,251,443
4f3xA02,3,40,309,10,191,249,439
5kloA02,3,40,309,10,195,271,465
3im9A01,3,40,366,10,129,-7,121
2vz8B03,3,40,366,10,152,490,641
3hhdA03,3,40,366,10,129,488,616
3tqeA01,3,40,366,10,128,-2,125
2jfkA02,3,40,366,10,123,491,613
4rl1A01,3,40,366,10,126,27,152
2qo3A03,3,40,366,10,305,560,864
3sbmA01,3,40,366,10,118,1,118
3tzyA01,3,40,366,10,240,596,835
6fijA02,3,40,366,10,321,919,1239
3bwhA01,3,40,420,10,160,1,160
2z4uA01,3,40,420,10,177,1,177
3ktzA01,3,40,420,10,168,1,168
1ggpA01,3,40,420,10,155,12,166
2pqgB01,3,40,420,10,188,22,209
4fbcA01,3,40,420,10,174,4,177
2b7uA01,3,40,420,10,166,4,169
2g5xA01,3,40,420,10,172,1,172
3mvgA01,3,40,420,10,163,1,163
4hr6B01,3,40,420,10,120,48,167
2c1cA00,3,40,630,10,303,7,309
6c0dA01,3,40,630,10,207,3,209
1tkjA00,3,40,630,10,277,1,277
3pfeA01,3,40,630,10,206,0,205
1y0yA01,3,40,630,10,66,6,71
2hc9A02,3,40,630,10,335,156,490
2glfA01,3,40,630,10,96,3,98
3fedA01,3,40,630,10,65,46,110
3cpxB01,3,40,630,10,77,-8,68
3h8gA02,3,40,630,10,319,178,496
2z67A00,3,40,640,10,433,2,434
3eucA02,3,40,640,10,207,63,269
5qr1A01,3,40,640,10,235,206,440
2w8tA02,3,40,640,10,235,81,315
7poaA01,3,40,640,10,230,59,288
3n5mA02,3,40,640,10,274,65,338
3i4jB02,3,40,640,10,269,48,316
1zodA02,3,40,640,10,264,61,324
5x5hA01,3,40,640,10,252,3,254
1u08A02,3,40,640,10,240,45,284
1ub0A00,3,40,1190,20,258,1,258
2ajrA01,3,40,1190,20,7,2,8
2absA01,3,40,1190,20,11,11,21
4gm6A00,3,40,1190,20,320,2,321
4c5kD00,3,40,1190,20,276,1,276
3dzvA00,3,40,1190,20,271,2,272
6p2dA00,3,40,1190,20,296,3,298
3b1nA00,3,40,1190,20,311,2,312
7vvaH01,3,40,1190,20,146,7,152
6ilsA00,3,40,1190,20,312,67,378
1jx7A00,3,40,1260,10,116,2,117
3pnxB00,3,40,1260,10,157,3,159
2fb6A00,3,40,1260,10,116,-1,114
1l1sA00,3,40,1260,10,111,3,113
2hy5C00,3,40,1260,10,101,402,502
3mc3A00,3,40,1260,10,121,13,133
2hy5A00,3,40,1260,10,130,1,130
1rhxA00,3,40,1260,10,87,1,87
2d1pB00,3,40,1260,10,119,1,119
2pd2A00,3,40,1260,10,108,1,108
1tt8A00,3,40,1410,10,164,1,164
2fa1A00,3,40,1410,10,159,83,241
3bwgC02,3,40,1410,10,163,71,233
2oggA01,3,40,1410,10,134,95,228
2p19A01,3,40,1410,10,130,7,136
2pkhB01,3,40,1410,10,131,108,238
3edpA02,3,40,1410,10,151,83,233
3lheA00,3,40,1410,10,139,93,231
2ikkA00,3,40,1410,10,156,83,238
3ddvB01,3,40,1410,10,137,7,143
4r1bA01,3,50,4,10,9,109,117
5eokA01,3,50,4,10,89,2,90
2yilA01,3,50,4,10,80,4,83
6i44A01,3,50,4,10,83,6,88
5eokA04,3,50,4,10,83,278,360
2y8tD01,3,50,4,10,16,69,84
1yxeA01,3,50,4,10,101,326,426
4durB01,3,50,4,10,81,2,82
6i44A02,3,50,4,10,80,96,175
6i44A03,3,50,4,10,78,274,351
3ruvA03,3,50,7,10,152,211,362
7ttnH01,3,50,7,10,183,218,400
5cdkA00,3,50,7,10,181,1,181
3p9dA03,3,50,7,10,161,220,380
7nvlA01,3,50,7,10,194,211,404
7nvlH01,3,50,7,10,188,213,400
6ks6E03,3,50,7,10,160,242,401
3osxA00,3,50,7,10,190,190,379
4d8qF03,3,50,7,10,162,212,373
7nvlE01,3,50,7,10,187,228,414
2voaA00,3,60,10,10,257,1,257
2f1nA00,3,60,10,10,253,-1,251
4jg3A00,3,60,10,10,262,1,262
1wduB00,3,60,10,10,227,22,248
3g91A00,3,60,10,10,260,2,261
2a40B00,3,60,10,10,260,1,260
6a42A01,3,60,10,10,210,11,220
4zkfA01,3,60,10,10,331,278,608
6dlgA01,3,60,10,10,319,399,717
2j63A00,3,60,10,10,358,90,447
7lxuA01,3,60,20,10,231,23,253
5fmgG00,3,60,20,10,237,8,244
4zflD00,3,60,20,10,227,2,228
6muwH00,3,60,20,10,252,1,252
5le5D00,3,60,20,10,233,9,241
4hstB01,3,60,20,10,73,1,73
5le5P00,3,60,20,10,247,2,248
1xffA00,3,60,20,10,238,1,238
7aweC01,3,60,20,10,229,19,247
6z46R01,3,60,20,10,194,25,218
4ylmX00,3,60,130,10,292,-1,290
4oj8B00,3,60,130,10,271,2,272
1ds1A00,3,60,130,10,323,2,324
2q4aA00,3,60,130,10,327,4,330
2og5A00,3,60,130,10,321,10,330
5bkeC00,3,60,130,10,289,1,289
2wbqA00,3,60,130,10,336,21,356
5bk9A00,3,60,130,10,289,7,295
6f9pC01,3,60,130,10,343,26,368
6edhA00,3,60,130,10,281,3,283
1xeuA01,3,80,10,10,180,35,214
2z80B00,3,80,10,10,327,27,353
3o6nA00,3,80,10,10,384,140,523
3un9A01,3,80,10,10,225,699,923
2z81A00,3,80,10,10,549,27,575
3rfeA00,3,80,10,10,119,0,118
2astB00,3,80,10,10,325,2095,2419
7utzR01,3,80,10,10,371,29,399
4l3aA02,3,80,10,10,11,82,92
1jl5A00,3,80,10,10,353,1034,1386
3i2tA01,3,80,20,20,182,-1,180
7lenB01,3,80,20,20,168,6,173
4uv7A03,3,80,20,20,172,309,480
7u6eE02,3,80,20,20,147,311,457
1igrA03,3,80,20,20,179,300,478
3i2tA03,3,80,20,20,169,301,469
1n8yC01,3,80,20,20,193,1,193
4uv7A01,3,80,20,20,193,1,193
7v3pB01,3,80,20,20,188,2,189
2hr7A01,3,80,20,20,188,4,191
4yaaA00,3,90,190,10,282,187,468
4nx8B00,3,90,190,10,261,33,293
2r0bA00,3,90,190,10,151,26,176
4r0sA00,3,90,190,10,162,34,195
2cm2A00,3,90,190,10,284,0,283
3emuA00,3,90,190,10,151,307,457
2i6jA00,3,90,190,10,161,1,161
1yguA02,3,90,190,10,312,894,1205
1larB01,3,90,190,10,247,1340,1586
2g6zA00,3,90,190,10,147,174,320
2ckfC01,3,90,380,10,34,1,34
2bmoA01,3,90,380,10,31,3,33
4qdcA02,3,90,380,10,222,162,383
7szeB02,3,90,380,10,189,139,327
2de6A01,3,90,380,10,22,5,26
3vcaA01,3,90,380,10,35,6,40
3gkeA02,3,90,380,10,210,132,341
3gzxA01,3,90,380,10,39,18,56
2b1xA01,3,90,380,10,44,1,44
1z01A01,3,90,380,10,26,16,41
6fmeA02,3,90,400,10,81,86,166
4mb1A02,3,90,400,10,71,104,174
3k8kA03,3,90,400,10,61,154,214
4aeeA04,3,90,400,10,79,336,414
1wzaA02,3,90,400,10,64,133,196
1g5aA03,3,90,400,10,72,187,258
7znpA01,3,90,400,10,77,97,173
5m99A02,3,90,400,10,65,121,185
1j0hA03,3,90,400,10,54,246,299
3zo9A02,3,90,400,10,70,133,202
1bolA00,3,90,730,10,222,1,222
1iooA00,3,90,730,10,196,1,196
1jy5A00,3,90,730,10,207,2,208
1ucdA00,3,90,730,10,190,1,190
3d3zA00,3,90,730,10,238,1,238
1iqqA00,3,90,730,10,200,1,200
4dw4B00,3,90,730,10,163,1,163
1iybA00,3,90,730,10,208,-3,204
3t0oA00,3,90,730,10,219,34,252
2pqxA00,3,90,730,10,245,1,245
8cgkg02,3,90,930,12,82,83,164
1vq8E02,3,90,930,12,93,80,172
5an9B01,3,90,930,12,85,1,85
8cgkg01,3,90,930,12,80,2,81
8cvmg01,3,90,930,12,74,9,82
1vw4F02,3,90,930,12,95,118,212
1rl6A01,3,90,930,12,75,7,81
6qklB02,3,90,930,12,100,86,185
4a17E01,3,90,930,12,85,1,85
1vw4F01,3,90,930,12,100,18,117
4mnrA01,3,90,1310,10,23,20,42
2z2mD01,3,90,1310,10,14,78,91
7rd0A01,3,90,1310,10,173,56,228
1vqqA02,3,90,1310,10,32,136,167
6kguA01,3,90,1310,10,185,129,313
5kshB01,3,90,1310,10,174,65,238
5u47A02,3,90,1310,10,19,78,96
3lo7B01,3,90,1310,10,87,50,136
4ye5B01,3,90,1310,10,193,58,250
3oc2A01,3,90,1310,10,173,50,222
8fyaF01,3,100,10,20,82,12,93
3nkdA01,3,100,10,20,84,13,96
7kfuC01,3,100,10,20,75,652,726
7ei1A01,3,100,10,20,73,4,76
3godC01,3,100,10,20,88,13,100
2yzsA01,3,100,10,20,80,2,81
7cr6D01,3,100,10,20,85,3,87
4n06A01,3,100,10,20,82,-1,80
8d3mC01,3,100,10,20,88,2,89
3godD01,3,100,10,20,91,9,99
